product_id,product_name,category,price
1,Camera Product,Beauty,470.69
2,Seek Product,Beauty,418.84
3,Almost Product,Sports,471.28
4,Movie Product,Beauty,127.14
5,Family Product,Books,446.79
6,Young Product,Clothing,484.51
7,Direction Product,Beauty,495.85
8,Stock Product,Books,95.47
9,Operation Product,Beauty,19.59
10,Present Product,Sports,487.82
11,Message Product,Clothing,53.88
12,Answer Product,Books,150.42
13,Office Product,Home,52.46
14,Director Product,Beauty,41.69
15,Financial Product,Books,330.54
16,Woman Product,Books,382.32
17,Rock Product,Home,474.01
18,Social Product,Home,489.27
19,Consider Product,Home,308.45
20,Rather Product,Electronics,19.68
21,Ok Product,Books,342.23
22,Station Product,Home,383.32
23,Cold Product,Sports,347.9
24,Door Product,Books,385.33
25,Turn Product,Clothing,451.63
26,Perhaps Product,Clothing,245.04
27,Color Product,Home,477.35
28,Why Product,Home,292.68
29,Arm Product,Beauty,348.09
30,Bar Product,Electronics,69.53
31,Time Product,Electronics,309.31
32,Newspaper Product,Beauty,83.65
33,Already Product,Books,445.89
34,Character Product,Clothing,135.39
35,By Product,Beauty,120.93
36,Player Product,Sports,275.08
37,Newspaper Product,Sports,319.72
38,Up Product,Clothing,295.04
39,Couple Product,Clothing,57.96
40,Mr Product,Books,242.89
41,Situation Product,Sports,269.82
42,Kid Product,Clothing,63.1
43,Yourself Product,Electronics,226.28
44,Hospital Product,Clothing,44.43
45,Near Product,Electronics,204.98
46,Real Product,Books,132.7
47,Recent Product,Home,220.89
48,Economic Product,Clothing,375.46
49,Realize Product,Home,253.95
50,Of Product,Home,489.19
51,Work Product,Clothing,54.69
52,Agent Product,Books,117.25
53,Too Product,Beauty,442.19
54,Rest Product,Beauty,202.3
55,Conference Product,Electronics,250.94
56,Professor Product,Beauty,284.51
57,Appear Product,Books,318.89
58,Smile Product,Beauty,94.21
59,Carry Product,Electronics,468.24
60,Wish Product,Home,213.75
61,Wall Product,Books,84.9
62,Success Product,Beauty,461.61
63,History Product,Books,143.06
64,Change Product,Home,244.16
65,Thought Product,Electronics,121.25
66,My Product,Books,132.91
67,Really Product,Home,130.54
68,Certain Product,Beauty,483.83
69,Strategy Product,Sports,213.74
70,Television Product,Books,207.53
71,Old Product,Books,449.0
72,Authority Product,Beauty,283.89
73,Management Product,Clothing,297.28
74,Side Product,Books,440.64
75,Him Product,Home,344.29
76,Person Product,Electronics,97.02
77,News Product,Beauty,320.41
78,Throughout Product,Clothing,140.91
79,Lose Product,Beauty,289.63
80,Dinner Product,Books,472.87
81,Write Product,Electronics,334.37
82,Show Product,Beauty,421.51
83,North Product,Sports,12.88
84,Future Product,Sports,350.6
85,Hand Product,Electronics,404.31
86,Father Product,Sports,272.88
87,Officer Product,Home,400.16
88,East Product,Clothing,380.31
89,Tend Product,Beauty,125.32
90,Six Product,Beauty,125.24
91,Economy Product,Sports,468.57
92,Region Product,Books,94.72
93,Range Product,Sports,82.7
94,Once Product,Sports,26.64
95,Much Product,Sports,25.46
96,Receive Product,Books,237.2
97,Health Product,Electronics,350.89
98,Whether Product,Electronics,285.66
99,Yes Product,Clothing,96.33
100,Before Product,Books,248.13
101,Sea Product,Sports,171.56
102,Body Product,Books,106.25
103,Which Product,Sports,153.89
104,This Product,Electronics,57.46
105,Final Product,Beauty,127.03
106,Do Product,Sports,116.2
107,Executive Product,Electronics,485.16
108,Seat Product,Electronics,336.11
109,Break Product,Beauty,171.6
110,Size Product,Clothing,168.27
111,Drive Product,Beauty,445.18
112,Day Product,Electronics,241.75
113,Change Product,Books,117.86
114,Seven Product,Electronics,205.59
115,Third Product,Electronics,308.42
116,Indeed Product,Home,196.44
117,Certain Product,Electronics,49.89
118,Hand Product,Books,145.09
119,Over Product,Electronics,44.98
120,Performance Product,Electronics,219.87
121,Baby Product,Electronics,464.93
122,Short Product,Sports,232.79
123,Town Product,Books,87.37
124,International Product,Clothing,164.43
125,Fact Product,Electronics,268.0
126,Civil Product,Electronics,48.93
127,Group Product,Sports,496.1
128,Very Product,Books,489.43
129,Every Product,Sports,483.87
130,Then Product,Home,50.95
131,Center Product,Clothing,124.74
132,Beyond Product,Home,283.29
133,Yeah Product,Clothing,177.56
134,Ground Product,Sports,194.97
135,Hundred Product,Electronics,497.55
136,Major Product,Electronics,470.34
137,Civil Product,Books,367.68
138,Democrat Product,Sports,481.99
139,Write Product,Electronics,394.14
140,Walk Product,Clothing,147.11
141,Word Product,Sports,391.03
142,Low Product,Clothing,226.11
143,Hand Product,Books,264.5
144,Sometimes Product,Home,377.28
145,Follow Product,Beauty,432.15
146,Year Product,Books,167.08
147,Ok Product,Sports,482.45
148,Factor Product,Books,195.75
149,Phone Product,Clothing,361.87
150,Cut Product,Electronics,291.78
151,Hit Product,Sports,129.1
152,Power Product,Home,406.62
153,Move Product,Home,38.08
154,Bank Product,Sports,88.52
155,Character Product,Beauty,274.78
156,Use Product,Home,469.7
157,Vote Product,Sports,261.27
158,Third Product,Sports,156.86
159,Today Product,Sports,455.65
160,Figure Product,Home,261.89
161,Couple Product,Books,449.7
162,Sport Product,Home,353.29
163,Simple Product,Books,384.3
164,Sport Product,Home,324.16
165,Senior Product,Books,100.83
166,Everybody Product,Beauty,207.69
167,Executive Product,Home,453.49
168,Indeed Product,Home,434.17
169,Stock Product,Books,373.39
170,Job Product,Electronics,463.38
171,More Product,Clothing,363.57
172,May Product,Home,398.05
173,Quality Product,Beauty,489.71
174,Her Product,Home,95.96
175,Organization Product,Books,348.92
176,Direction Product,Home,497.1
177,Design Product,Sports,250.88
178,Particular Product,Sports,200.01
179,President Product,Books,104.62
180,View Product,Sports,236.61
181,Every Product,Books,168.8
182,Time Product,Sports,373.49
183,Military Product,Beauty,498.11
184,Per Product,Electronics,54.37
185,Executive Product,Books,330.34
186,Time Product,Sports,476.85
187,Reason Product,Beauty,40.41
188,Beat Product,Electronics,171.35
189,Later Product,Beauty,193.01
190,Positive Product,Electronics,492.68
191,Turn Product,Sports,370.07
192,Sign Product,Beauty,350.7
193,Program Product,Electronics,399.93
194,Rather Product,Books,376.82
195,Receive Product,Books,307.93
196,Collection Product,Clothing,112.51
197,Structure Product,Clothing,433.6
198,Science Product,Home,441.38
199,None Product,Clothing,335.02
200,Actually Product,Home,151.34
