user_id,full_name,email,country,signup_date
1,Tanya Johns,stoneamy@example.net,UK,2024-08-20
2,Robert Robinson,martin87@example.com,Canada,2024-06-28
3,Holly Parker,vortiz@example.net,France,2025-09-14
4,Sandra Liu,omoore@example.com,USA,2025-02-03
5,Susan Estrada,simpsonbill@example.net,UK,2024-10-13
6,Ann Davis,johnsonphilip@example.com,UK,2025-01-27
7,Steven Jones,kgarcia@example.com,USA,2024-03-20
8,Michelle Singh,burkeryan@example.org,Canada,2024-05-13
9,Heidi Jacobson,milesryan@example.org,Germany,2025-12-05
10,Chad Vazquez,comptonlatoya@example.org,Canada,2024-04-19
11,Alan Adkins,rmartin@example.org,Germany,2025-03-14
12,Edward Dillon,jessica29@example.com,Canada,2024-06-16
13,Amanda Callahan,ohubbard@example.net,UK,2024-04-27
14,Bradley Gentry,lucaspatty@example.com,Canada,2025-02-21
15,Paul Marsh,craig65@example.com,USA,2024-11-30
16,Eugene Knight,jennifer41@example.org,Germany,2024-12-24
17,Brooke Booth,avilachristina@example.net,France,2024-12-23
18,Maria Clark,jhunt@example.com,India,2025-04-26
19,Madison Myers,aporter@example.com,Germany,2025-08-12
20,Leonard Newman,bailey00@example.com,France,2024-06-08
21,Grace Arias,mkelly@example.com,UK,2025-01-28
22,David Carrillo,zhenderson@example.org,Germany,2025-10-11
23,Betty Cruz,timothy44@example.net,USA,2026-03-09
24,Jeremy Howell,jacksonmonique@example.net,Germany,2024-08-18
25,Jonathan Jensen,mreynolds@example.org,Canada,2025-11-23
26,Ronald Schwartz DDS,uhanson@example.org,France,2025-06-26
27,Mrs. Whitney Castro,whansen@example.net,USA,2026-01-26
28,Scott Cole,william59@example.org,Germany,2024-08-17
29,Jeffery Anderson,craighenderson@example.com,Canada,2025-10-13
30,Monica Parsons,timothy05@example.org,France,2026-01-23
31,Deborah Rios,josegraham@example.org,France,2025-10-06
32,Joshua Kelly,johnwalsh@example.com,Germany,2024-03-12
33,Matthew Carr,jenniferreese@example.org,India,2024-10-20
34,Mrs. Colleen Branch MD,morrislauren@example.com,USA,2025-07-27
35,Robert Bailey,hbaker@example.net,France,2024-08-30
36,Carl Mendoza,cruzmargaret@example.org,France,2025-07-06
37,Regina Jackson,mramos@example.org,UK,2025-03-20
38,Joann Brown,oowens@example.net,Canada,2024-03-12
39,James Barker,tomwatson@example.net,Canada,2025-09-24
40,Mariah Walton,samuel68@example.net,India,2024-06-30
41,Dawn Fernandez,vickigreer@example.org,Canada,2024-03-22
42,Jeffrey Miller,prose@example.com,France,2024-08-27
43,Matthew Potter,tylerbenitez@example.com,France,2025-04-19
44,Stephanie Mills,denise12@example.net,UK,2025-02-24
45,James Roberts,cynthia04@example.com,Canada,2025-12-02
46,Catherine White,awerner@example.com,USA,2024-11-28
47,Elizabeth Morales,dennislisa@example.org,UK,2025-09-26
48,Heather Dunn,howardadam@example.com,India,2025-09-01
49,Kelly Sanford,rojasrachael@example.net,India,2024-11-07
50,Christine Contreras,maypeter@example.net,USA,2026-01-21
51,David Blair,sarah44@example.net,India,2026-01-30
52,Kevin Rodriguez,erikabush@example.net,France,2025-01-16
53,Jonathon Farmer,renee23@example.com,UK,2025-11-20
54,Christopher Cox,ualvarez@example.com,UK,2025-08-23
55,Kyle Joyce,brandon07@example.com,France,2025-02-07
56,Tammy Cabrera,townsendnancy@example.com,Germany,2024-11-01
57,Paula Holmes,jeremy93@example.net,France,2025-02-22
58,Timothy Davis,solomonbrian@example.org,UK,2024-04-08
59,Michael Tate,ydoyle@example.net,USA,2025-09-03
60,Christina Hanson,tjordan@example.net,USA,2024-10-24
61,Erin Davis,caitlinjohnston@example.net,Canada,2026-01-20
62,Andrew Smith,llandry@example.net,France,2026-02-10
63,Jonathan Cooper,robertblair@example.com,India,2024-05-10
64,Sheri Barrett,brendamills@example.com,France,2025-05-31
65,John Baxter,yhunter@example.com,USA,2024-10-04
66,Crystal Francis,rhardin@example.com,UK,2025-11-17
67,Tammy Shelton,bakerbrett@example.com,UK,2024-12-15
68,Carol Beard,maureenwilliamson@example.com,USA,2025-06-12
69,Lori Jones,patrick22@example.net,France,2025-12-13
70,Kathy Cooper,moranmaureen@example.com,UK,2024-03-13
71,Laurie King,brownmary@example.com,Canada,2025-10-26
72,Susan May,gglover@example.com,France,2025-07-09
73,John Bender,vanessamartin@example.com,Canada,2026-01-21
74,Christopher Harris,prodriguez@example.org,France,2025-01-28
75,Jeffrey Trujillo,lisalove@example.org,UK,2025-06-02
76,Nicole Morgan,kaylamorgan@example.org,Germany,2025-03-08
77,Terry Mcintosh,samantha19@example.org,Canada,2026-02-19
78,Wendy Franklin,laurennunez@example.com,Canada,2025-06-25
79,Jacob Thomas,brooke92@example.net,Canada,2025-03-07
80,John Reid,dustin21@example.org,Germany,2024-07-19
81,Nicole Cross,gvang@example.net,USA,2024-11-28
82,David Brennan,harry89@example.org,Canada,2024-10-20
83,Jordan Stevenson,benjamincarr@example.com,UK,2025-07-23
84,Jo Hendricks,jacquelinegonzalez@example.net,Germany,2025-10-05
85,Timothy Smith,taylorwendy@example.com,India,2025-12-04
86,Timothy Taylor,qbaker@example.org,Canada,2024-05-17
87,Mary Perkins,burnsstephanie@example.org,India,2024-09-22
88,Thomas Wilson,james68@example.com,France,2025-06-25
89,Nathan Sullivan,ewilkerson@example.net,India,2024-06-06
90,Scott Gay,anita94@example.org,Canada,2026-03-02
91,Mr. Danny Rosales,michaelluna@example.org,France,2024-09-14
92,Michael Morales,sean40@example.net,Germany,2025-05-04
93,Shane Cochran,curtisduarte@example.com,India,2026-01-03
94,Emily Greene,jameswhite@example.com,Canada,2025-07-14
95,Natalie Hartman,vazquezcheryl@example.org,Canada,2025-09-06
96,Kenneth Mckenzie,nathan32@example.com,UK,2025-08-27
97,Karen Collins,nicholashuang@example.com,India,2025-08-25
98,Eric Shepard,pageanthony@example.net,Germany,2024-06-18
99,Martin Bishop,smartinez@example.com,India,2025-12-04
100,Craig Walls,fsaunders@example.org,UK,2024-05-06
101,Catherine Cummings,angel37@example.net,France,2025-02-02
102,Michael Richardson,robertbrown@example.net,UK,2026-01-23
103,Nancy Carr,mckenzie16@example.net,USA,2024-08-30
104,Cody Chandler,smatthews@example.com,Germany,2024-07-13
105,Michael Smith,fcarlson@example.net,Germany,2024-05-29
106,Mrs. Amber Cummings MD,pagejames@example.net,USA,2025-12-27
107,Benjamin Harris,angela75@example.net,India,2024-05-09
108,Patrick Santos,fordjason@example.com,UK,2024-08-20
109,Scott Mckinney,joannecallahan@example.com,UK,2024-06-15
110,Roger Stephens,herrerajessica@example.com,India,2025-02-03
111,Lisa Gardner,cohenlisa@example.org,Germany,2024-08-08
112,Christopher Perez,oarcher@example.org,Canada,2025-08-04
113,Jeff Chan,cookdonald@example.org,Canada,2024-07-03
114,Jamie Carter,lindacarter@example.net,UK,2025-03-26
115,Frank Woods,shahbrian@example.com,Canada,2025-10-01
116,George Obrien,harperbrandi@example.com,Germany,2025-07-02
117,Rose Larsen,alex44@example.com,Canada,2025-12-14
118,Kevin Woods,terrisnyder@example.net,Canada,2024-08-20
119,Adam Dunn,susansmith@example.com,Germany,2024-12-16
120,Pamela Cruz,pgates@example.net,Germany,2025-07-02
121,Briana Reid,lcampbell@example.org,France,2024-09-01
122,Tanya Morris,aclark@example.net,India,2025-11-18
123,Nancy Alvarado,brookeanderson@example.com,Germany,2024-08-27
124,John Jones,michelle63@example.net,Germany,2025-07-18
125,Amber Soto,myersbrittany@example.net,France,2024-09-24
126,Caroline Jones,ramirezrodney@example.org,India,2024-11-21
127,Jason Costa,courtney86@example.com,UK,2025-09-08
128,Oscar Davis,jeremy44@example.net,France,2024-07-19
129,Brian Adams,jenkinslinda@example.com,Germany,2025-05-10
130,Sherri Nguyen,elizabeth97@example.net,Canada,2024-08-03
131,Joseph Chavez,anthonygeorge@example.com,Canada,2026-02-25
132,Andrea Jones,pamelanolan@example.com,UK,2024-11-27
133,Linda Spencer,vazquezmichelle@example.org,India,2026-02-23
134,Stacey Guzman,ashley35@example.com,Germany,2025-02-05
135,Phillip Hudson,taylor98@example.org,India,2025-08-18
136,Laura Price,brownlinda@example.net,Germany,2024-12-15
137,Richard Russell,marie00@example.com,UK,2024-09-20
138,Haley Chavez,brianmoore@example.com,France,2025-10-07
139,Christine Mercado,cory41@example.com,Germany,2024-03-17
140,Marcus Schroeder,uortega@example.org,UK,2025-10-28
141,Nicole Brooks,kimberly62@example.com,UK,2025-08-07
142,James Ballard,andrewsjohn@example.com,Canada,2026-01-08
143,Jonathan Lawrence,lisa77@example.net,India,2025-10-29
144,Victor Mendoza,chloemiller@example.com,Germany,2024-05-30
145,Crystal Wagner,patriciacarter@example.com,Canada,2025-08-15
146,Christine Andrews,cookvirginia@example.org,France,2024-12-25
147,Amanda Collins,wwaters@example.net,India,2026-01-31
148,Wayne Paul,buchanandominique@example.com,Germany,2025-08-29
149,Jerome Edwards,burnsmark@example.com,USA,2025-09-30
150,Joshua Dixon,morgan33@example.org,UK,2025-06-07
151,Kimberly Raymond,bcook@example.net,USA,2025-07-26
152,Jennifer Escobar,ldunlap@example.com,Germany,2025-08-13
153,Jason Mason,johnshepherd@example.net,Germany,2024-09-27
154,Thomas Lewis,anthonyjacobs@example.com,Canada,2024-07-26
155,Amy Bailey,briansmith@example.net,USA,2025-03-10
156,David Todd,owenstracy@example.org,India,2025-04-30
157,Robert Cooper,tmcpherson@example.net,Germany,2025-03-22
158,Mrs. Marilyn Garcia,donald90@example.com,Canada,2024-05-12
159,Melinda Peterson,jacksonjennifer@example.org,Germany,2025-07-13
160,Kevin Mcmillan,thompsonmelanie@example.org,UK,2026-01-28
161,Monica Clayton,yrichardson@example.net,India,2025-09-03
162,Bryan Stevens,jenna59@example.net,France,2025-01-05
163,Gary Montes,jessebrooks@example.net,France,2025-09-26
164,Melissa Castro,fmccullough@example.net,UK,2024-10-18
165,Mrs. Amanda Wise MD,lskinner@example.net,France,2025-10-01
166,Ronald Graves,ericmorris@example.org,USA,2024-12-24
167,Jonathan Reese,askinner@example.net,Germany,2025-09-17
168,Sherri Stafford,charles99@example.org,India,2025-12-12
169,James Sparks,nchase@example.net,Germany,2026-01-13
170,Richard Coleman,jspencer@example.net,France,2025-03-25
171,Brenda Collins,millerjustin@example.com,Canada,2024-04-29
172,Jennifer Johnson,deleondanny@example.net,Canada,2025-02-12
173,Eric Ferguson,rodriguezrobert@example.com,UK,2024-12-21
174,Lori Smith,amanda07@example.net,France,2025-07-27
175,Rachel Williams,lesliegarcia@example.com,France,2025-01-27
176,Jennifer Miles,peter28@example.net,UK,2024-09-15
177,Victor Martinez,bradshawannette@example.org,Germany,2025-05-26
178,Linda Conley,jensenclaudia@example.org,India,2026-03-07
179,Timothy Johnson,ilewis@example.net,Germany,2025-10-10
180,Sarah Barker,kyleevans@example.org,Canada,2024-12-31
181,Pamela Thomas,nicholas64@example.com,USA,2024-10-02
182,Malik Lopez,michaelrichards@example.org,France,2024-07-24
183,Lucas White,johnsonashley@example.com,Germany,2024-08-01
184,Julia Morgan,smithrachel@example.net,Canada,2026-01-08
185,Gloria Butler,lcain@example.org,Canada,2024-11-02
186,Caleb Hernandez,imason@example.com,India,2025-07-05
187,Jennifer Martinez,emilycampos@example.net,USA,2024-12-17
188,Amber Jones,wblack@example.net,Canada,2025-03-24
189,Justin Thomas,mfoster@example.net,UK,2024-05-20
190,Mark Dixon,joshua52@example.org,Canada,2024-07-02
191,Jeff Delacruz,terrigarcia@example.net,Germany,2024-05-31
192,Theresa Carter,mark10@example.net,France,2025-08-26
193,Melissa Mccoy,ojohnson@example.net,Germany,2024-07-12
194,Robert Adams,miguelmccoy@example.org,UK,2026-01-25
195,Thomas Torres,audrey05@example.net,France,2025-05-24
196,Antonio Parker,dsmith@example.org,USA,2025-02-25
197,Chad Miller Jr.,raymond70@example.com,Canada,2024-06-03
198,Erica Brown,claytonmcintosh@example.net,India,2025-04-07
199,Brian Cook,yanderson@example.net,France,2025-08-27
200,Lauren Nguyen,samuelrichards@example.net,India,2025-02-06
201,Timothy Edwards Jr.,peter09@example.com,India,2024-10-23
202,Paul Woods,xallison@example.com,France,2026-01-19
203,Rebecca Gutierrez,jonathanwhite@example.org,UK,2024-12-17
204,Cynthia Little,newmancharles@example.org,USA,2025-02-10
205,Sarah Cisneros,parkernicole@example.com,USA,2025-10-13
206,Kimberly Hansen,michelecooper@example.org,Canada,2025-12-30
207,Donald Foster,zkelly@example.net,USA,2025-10-28
208,Michelle Frank,nathanmartin@example.org,UK,2025-11-05
209,Adam Armstrong,ryangutierrez@example.net,USA,2024-07-20
210,Robert Davis,patriciamarshall@example.net,Canada,2024-03-22
211,Kristy Fitzgerald,rtrujillo@example.org,India,2025-07-01
212,Cynthia Matthews,ujohnston@example.com,USA,2024-08-17
213,Tara Villa,bethanybrown@example.net,USA,2024-08-12
214,Joshua King,smithscott@example.org,UK,2025-01-19
215,Paul Smith,karenjones@example.net,India,2025-06-05
216,Nicole Ortega,melissamiller@example.net,India,2024-03-25
217,Jeffery Ross,lyonsdavid@example.org,Germany,2024-08-02
218,Bruce Reynolds,englishpamela@example.org,Canada,2024-11-18
219,Tammy Smith,morrissandy@example.org,India,2025-10-28
220,Marissa Gray,acaldwell@example.net,UK,2025-11-01
221,Amanda Edwards,stacy00@example.org,USA,2024-06-09
222,Jessica Pearson DVM,vlozano@example.net,UK,2024-06-30
223,Javier Anderson,mccartybrandi@example.com,Canada,2024-08-27
224,Terry Davis,jomorales@example.net,USA,2024-05-30
225,Adam Wilson,shafferjesse@example.com,USA,2025-11-24
226,Brooke Smith,sarahwelch@example.com,Canada,2024-12-04
227,Mark Adams,bobby08@example.com,Germany,2025-12-19
228,Joshua Cobb,keith39@example.net,UK,2025-10-23
229,Stephanie Gonzales,brittany23@example.com,India,2026-02-25
230,Donna Acosta,lisa31@example.com,Canada,2025-08-04
231,Robin Berry,hurstjessica@example.com,Germany,2025-06-19
232,Kimberly Moreno,dennisosborne@example.org,Germany,2025-05-22
233,Jesse Taylor,smithnatalie@example.com,USA,2026-01-17
234,Jocelyn Mills,stevenmurphy@example.org,India,2024-06-27
235,Mary Miller,gregorywilson@example.com,Canada,2024-05-30
236,Michael Black,becky38@example.org,USA,2026-02-19
237,Jacob Odom,ymorrow@example.com,India,2024-10-26
238,Martin Flynn,uallen@example.com,France,2025-03-14
239,Hannah Diaz,mitchellchad@example.org,India,2025-05-20
240,Kylie Cox,turnerlawrence@example.net,Germany,2024-04-22
241,Veronica Mcdaniel,yvance@example.com,France,2025-05-07
242,Scott Riggs,judithmoore@example.net,Canada,2025-07-22
243,Morgan Shaw,dbarber@example.org,France,2024-09-19
244,Elizabeth Jones MD,yesenia56@example.com,UK,2024-04-15
245,Taylor Rodriguez,wgutierrez@example.net,France,2025-02-10
246,Stephanie Jones,dmcmahon@example.com,Germany,2025-10-09
247,Chase Smith,campbellmaria@example.net,UK,2024-10-12
248,Lori Carey,perrymiguel@example.net,USA,2024-12-17
249,Adam Reynolds,morgan63@example.com,UK,2024-09-25
250,Sierra Miller,mcastro@example.com,France,2025-03-18
251,Tami Blackwell,hardyalison@example.net,Canada,2025-05-17
252,Mark Jones,gevans@example.net,USA,2024-07-06
253,Dennis Williams,seanarias@example.net,Germany,2026-01-01
254,Stephanie Marks,joshuawiggins@example.net,France,2025-03-18
255,Laura Arnold,cmora@example.org,India,2024-06-13
256,Mary Ellis,pbradley@example.org,Germany,2024-07-22
257,Maria Marshall,matthew65@example.net,India,2025-01-07
258,Carly Dickson,christian12@example.com,France,2024-12-20
259,Philip Perkins,stewartsandra@example.com,UK,2025-05-21
260,Susan Price,klawrence@example.org,Germany,2024-08-11
261,Paula Marquez,gbrown@example.org,India,2024-04-04
262,William Daniels,larry19@example.org,UK,2024-07-22
263,Terry Reed,jonathan68@example.org,USA,2025-04-11
264,Heather Brooks,guerramaria@example.com,Germany,2025-06-07
265,Kelly Dyer DDS,tyler31@example.com,France,2024-04-01
266,Troy Tapia,urobinson@example.org,USA,2026-03-11
267,Kenneth James,andersonronald@example.com,Canada,2024-12-25
268,Scott Copeland,stephanie03@example.org,UK,2026-01-14
269,Alec Koch,woodsjanet@example.net,USA,2024-07-22
270,Pamela Thompson,ucunningham@example.com,USA,2025-08-28
271,Michael Bell,adamhickman@example.org,India,2024-05-21
272,Joseph Sandoval,greenrobert@example.net,USA,2024-11-02
273,Stacy Dean,adamwilliams@example.org,UK,2024-06-06
274,Jesus Nichols,melissa31@example.org,USA,2024-08-27
275,Chase Lyons,spencervictoria@example.org,India,2025-11-13
276,Kevin Schwartz,bmiller@example.net,France,2025-12-25
277,William Andrews,elizabethsmith@example.org,Canada,2025-01-16
278,Tina Romero,owhite@example.net,USA,2025-03-17
279,Alexandra Chan,wmoore@example.org,USA,2025-12-17
280,Steve Garza,rachelhooper@example.org,Germany,2024-06-21
281,Crystal Lewis,brooke34@example.org,USA,2024-09-17
282,Jose Miller,wrightderek@example.com,India,2025-01-12
283,Margaret Cruz,james30@example.net,India,2024-05-13
284,Christopher Campos,kiddcassandra@example.org,France,2025-11-01
285,Kelly Martin,gonzalezmia@example.org,India,2024-12-29
286,Bradley Clark,ayork@example.net,Germany,2024-07-31
287,Debra Hodges,john42@example.net,Germany,2025-06-26
288,Haley Nelson DDS,tyrone57@example.org,France,2025-03-20
289,Brian Ellis,joyceamanda@example.com,France,2025-12-10
290,Nancy Montgomery,sstewart@example.net,France,2026-01-06
291,Derrick Guzman,johngarcia@example.org,India,2024-09-11
292,Cassandra Skinner,david84@example.net,UK,2024-03-22
293,Heather Horton,donnaedwards@example.com,India,2025-10-06
294,Claudia Lee,jamesriley@example.org,UK,2025-06-16
295,Ann Hicks,frederickbrown@example.net,France,2025-06-23
296,Samantha Reid,byrdluis@example.org,India,2024-07-29
297,Michael Hall,kboyd@example.org,Canada,2024-08-17
298,Christine Taylor,vbates@example.com,Canada,2025-08-13
299,Nicholas Porter,yhernandez@example.com,USA,2024-07-31
300,Nicole Allen,loribaldwin@example.net,Canada,2024-09-30
301,Robert Patterson,fyoung@example.org,Germany,2024-11-14
302,Mr. Brandon Noble,amynguyen@example.net,Canada,2025-05-24
303,Andrew Collins,nancywood@example.org,Canada,2025-02-04
304,Crystal Merritt,briantaylor@example.net,USA,2025-04-03
305,Laura Williams,jacksonvictoria@example.com,France,2024-05-04
306,April White,tom91@example.net,France,2026-02-19
307,John Taylor,udeleon@example.net,UK,2025-02-19
308,Shelby Roberts,veronica58@example.net,USA,2025-01-24
309,Ivan Hudson,taylordavila@example.com,France,2024-10-02
310,Garrett Turner,donaldnorton@example.org,France,2025-07-31
311,Jennifer Scott,jarmstrong@example.net,France,2026-02-11
312,Ryan Anthony,hparsons@example.org,UK,2025-08-29
313,William Wolfe,marshsusan@example.net,India,2025-02-03
314,Jonathan Matthews,larry10@example.org,Canada,2024-11-01
315,Chris Parker,jameshinton@example.net,Germany,2025-07-19
316,Lauren Ford,angelabennett@example.com,UK,2024-10-23
317,Gregory Poole,kennedyfrancisco@example.net,Germany,2024-09-07
318,Randy Reyes,kimberly09@example.net,India,2026-02-28
319,Ashley Lopez,mhicks@example.net,UK,2024-05-24
320,Miranda Lang,tiffany28@example.com,USA,2024-07-21
321,Kristin Brown,berryanthony@example.org,Canada,2024-07-20
322,John Morgan,nicholas81@example.com,UK,2024-04-16
323,Virginia Rodriguez,katie91@example.net,UK,2025-07-02
324,Daniel Roach,lopezleslie@example.net,USA,2024-09-22
325,Jared Lamb,erodriguez@example.org,USA,2025-06-19
326,Brandon Reed,chad81@example.net,Canada,2025-08-29
327,Thomas Smith,rreed@example.org,UK,2024-10-27
328,Erika Oliver,barrerakyle@example.org,Germany,2025-05-16
329,Austin Turner,lawrencejimenez@example.com,India,2025-12-30
330,Sheryl Marks,umartinez@example.net,UK,2024-07-01
331,Stephanie Patel,martha31@example.org,India,2024-10-09
332,Jesse Walton,caldwellsamuel@example.com,France,2025-08-27
333,Donald Turner,daniellewilliams@example.org,France,2024-05-02
334,Scott Hernandez,rcoleman@example.com,UK,2025-08-21
335,Vincent Yoder,banksandrew@example.net,UK,2024-10-10
336,Dr. Kathleen Sanchez,ovasquez@example.com,India,2024-03-11
337,Anthony Bray,stoutann@example.org,Germany,2024-11-20
338,Lawrence Martin,kellysmith@example.org,France,2024-12-24
339,Stephen Hughes,bryantsamantha@example.com,India,2025-04-16
340,Dennis Gonzales,krystal90@example.net,USA,2026-02-03
341,Denise Bradley,hernandezcarol@example.org,India,2025-06-22
342,John Ferguson II,lindsaymiller@example.org,USA,2025-02-18
343,Rebecca Schroeder,krista53@example.com,Germany,2024-11-07
344,James Pratt,kwhite@example.net,France,2026-02-03
345,Crystal Randall,chamberslouis@example.com,USA,2025-09-15
346,Ricardo Cardenas,john13@example.net,France,2024-10-27
347,Becky Lowery,mbrown@example.com,UK,2025-06-03
348,Erin Scott,logancobb@example.net,India,2024-09-04
349,Anthony Robertson,mrice@example.net,Canada,2024-12-30
350,Jocelyn Smith,jacksonkevin@example.net,Canada,2025-07-28
351,Lisa Rodriguez,avilabrian@example.net,UK,2024-12-07
352,Candace Walker,ybarrett@example.com,India,2025-10-25
353,Alan Garcia,rerickson@example.com,India,2025-09-20
354,Christopher Perkins,lpalmer@example.com,India,2024-05-03
355,Jason Curtis,jessica80@example.net,UK,2024-03-12
356,Andrew Stevenson,john92@example.org,Germany,2024-10-07
357,James Zimmerman,lnoble@example.org,UK,2025-11-17
358,Jacqueline Li,adam59@example.com,USA,2025-08-31
359,Amanda Price,klinecasey@example.org,Canada,2025-09-20
360,Patrick Hall,omarshall@example.com,UK,2025-02-09
361,Ann Blackwell,mmurphy@example.com,India,2024-12-09
362,Terri Mills,cindy56@example.org,USA,2024-12-18
363,Nicole Blankenship,yperez@example.org,France,2024-09-13
364,Jessica May,garciamelissa@example.org,Canada,2025-01-07
365,Julie Hansen,brianknight@example.com,Canada,2026-01-19
366,Hannah Anderson,torrestheresa@example.org,France,2025-06-28
367,Peter Dixon,ajones@example.net,Germany,2025-12-13
368,Kevin Johnson IV,cookrachel@example.com,Canada,2024-10-14
369,Taylor Preston,mward@example.org,UK,2025-04-20
370,Benjamin Bentley,weissthomas@example.com,USA,2025-01-26
371,Kimberly White,lisamcdowell@example.com,USA,2025-11-01
372,Michael Ochoa,barbara98@example.net,Canada,2025-10-14
373,Edward Coleman,kendra73@example.com,India,2024-09-30
374,Ian Evans,megan23@example.net,France,2025-01-22
375,Jennifer Rodriguez,ncastillo@example.com,Germany,2024-06-25
376,Todd Turner,daltonjeff@example.net,France,2024-10-19
377,Michael Brown,holmesjessica@example.com,Germany,2024-11-22
378,Sean Hernandez,smithjoseph@example.org,Canada,2024-06-29
379,Cassidy Ford,grantgregory@example.com,UK,2025-11-10
380,Shawn Barrett,bonnie47@example.net,Canada,2024-10-10
381,Elizabeth Davis,jeffreysaunders@example.net,France,2024-04-20
382,Jamie Huffman,masonashley@example.com,Canada,2024-10-20
383,Jeffery Figueroa,hernandezwilliam@example.org,India,2025-02-01
384,Sharon Roberts,smithcourtney@example.org,Canada,2026-02-15
385,Mr. Christian Long PhD,benjaminhall@example.org,USA,2024-06-10
386,Christopher Jones,gonzalezkatherine@example.org,USA,2024-07-06
387,John Sutton,jason71@example.net,France,2025-08-15
388,Charles Valenzuela,charleswilson@example.org,France,2025-05-11
389,Patrick Garcia,rebecca20@example.org,Canada,2025-05-12
390,Heather Mack,paulhuang@example.org,USA,2025-04-03
391,Russell Olson,jenningsjames@example.net,Canada,2024-10-09
392,Jessica Herman,iyoung@example.net,France,2024-05-15
393,Michael Stewart,jamie40@example.net,Germany,2026-03-08
394,Cindy Hudson,susan29@example.net,Germany,2026-01-28
395,Rita Underwood,davidthompson@example.com,India,2024-07-25
396,Kayla Hall,danielleking@example.net,UK,2025-01-24
397,Matthew Martinez,conradcharles@example.org,France,2025-05-26
398,Jamie Gibbs,cody32@example.net,Germany,2024-08-02
399,Gloria Williams,michaela95@example.com,France,2024-05-25
400,Katherine Thompson,brittneyryan@example.com,Germany,2024-08-29
401,Melanie Whitehead,amykerr@example.com,UK,2024-08-06
402,Jennifer Frazier,dcooper@example.net,India,2026-01-08
403,Christine Abbott,ccarpenter@example.org,UK,2025-09-03
404,James Silva,ghurst@example.org,India,2024-04-25
405,Monique Miller,iperez@example.org,Germany,2024-08-01
406,Adam Evans,steven68@example.com,Germany,2025-05-05
407,John Zhang,iking@example.com,USA,2025-04-29
408,Amanda Reynolds,james64@example.com,India,2025-04-03
409,Natalie Schroeder,joshua98@example.net,Canada,2024-05-03
410,Elizabeth Lara,natalie04@example.net,India,2025-02-20
411,Paul Carpenter,kimberlyhobbs@example.org,USA,2026-01-05
412,Tracy Lyons,christopher77@example.net,USA,2024-06-08
413,Donna Perry,williamsbruce@example.com,UK,2024-05-06
414,Joy Hardy,suarezpenny@example.com,USA,2024-04-28
415,Ryan Hickman,hollysingleton@example.org,UK,2024-09-23
416,Vincent Martinez,vanessabrown@example.org,Germany,2024-09-01
417,Mary Jimenez,paul96@example.com,USA,2025-08-20
418,Victoria Mason,hoffmandonna@example.net,UK,2025-10-20
419,Justin Shaffer,samantha39@example.com,France,2025-03-07
420,Roger Ross,johnsonmark@example.com,Canada,2025-01-17
421,Charles Lewis,zwang@example.com,Germany,2024-08-16
422,Cynthia Bell,alirebecca@example.org,USA,2024-07-07
423,Katherine Riley,cmiddleton@example.net,Germany,2024-03-22
424,Bryan Crawford,jkelley@example.com,Germany,2024-07-23
425,John Campbell,cooknicole@example.net,France,2025-07-13
426,Scott Mayo,hendersonpatrick@example.org,Canada,2025-07-14
427,Jessica Williams,joseglass@example.org,France,2024-05-27
428,Michele Matthews,joannecarter@example.com,UK,2025-12-05
429,Amber Garcia,amanda67@example.org,Canada,2025-10-19
430,Jonathan Blackburn,jasonortega@example.net,India,2025-05-16
431,Roger Cole,nathanharrison@example.org,France,2025-04-10
432,Mary Miller,gdavis@example.org,India,2024-04-06
433,Adam Montgomery,dustin99@example.com,USA,2024-03-30
434,Natalie Carson,joseknox@example.com,India,2025-06-11
435,Bailey Williams,mbowman@example.net,Canada,2026-01-27
436,Hunter Smith,ljones@example.com,Canada,2024-09-06
437,Phillip Washington,parkchristopher@example.com,France,2024-10-06
438,Natalie Young,aleckline@example.com,UK,2024-06-28
439,Crystal Vargas,barnettandrea@example.org,Canada,2025-11-04
440,Nicole Bean,nashsavannah@example.net,India,2025-03-23
441,Michael Davis,lauraball@example.org,Germany,2024-05-29
442,Victoria Ortiz,kristin37@example.net,UK,2026-02-09
443,Monica Cook,bryanfuller@example.net,Canada,2025-08-28
444,Linda Nelson,trujillomary@example.com,Canada,2025-11-18
445,Destiny Wood,eric38@example.org,UK,2025-06-09
446,Kevin Green,masseystacey@example.com,Germany,2025-04-18
447,Roberto Jacobs,dale30@example.net,USA,2025-04-03
448,James Smith,christyramirez@example.com,UK,2025-08-11
449,Jennifer French,lbates@example.net,Germany,2024-07-18
450,Anthony Green MD,fpalmer@example.net,UK,2024-03-20
451,Nicholas Lee,gshannon@example.com,USA,2025-05-18
452,Brandon Davis,andrea19@example.net,France,2024-08-10
453,Stephanie White,rbrown@example.com,UK,2025-03-13
454,Joseph Miranda,zcrosby@example.org,India,2025-06-18
455,Bradley Smith,fbernard@example.com,UK,2025-08-11
456,Melanie Scott,uwright@example.org,USA,2025-05-07
457,Joseph Walker,zperry@example.net,Germany,2024-12-08
458,Michelle Taylor,youngkelly@example.com,India,2026-01-18
459,Alan Young,teresa59@example.net,USA,2024-04-28
460,Kenneth Walker,pricekurt@example.com,UK,2024-10-24
461,Brenda Lamb,anna82@example.com,France,2025-02-06
462,Frank Sanchez,elliotttyrone@example.com,Germany,2026-03-03
463,Tammy Clark,mthomas@example.net,Germany,2024-06-01
464,Michelle Hensley,jamiejohnson@example.com,India,2025-03-13
465,Justin Munoz,grantrobert@example.net,Germany,2025-05-22
466,Brett Butler,fphillips@example.org,UK,2024-07-23
467,Corey Williams,victoriarichardson@example.org,India,2025-11-26
468,Daniel May,timothyharrison@example.com,India,2024-09-08
469,James Key,dgibbs@example.org,India,2025-08-11
470,Mark Rush,gjohnson@example.org,Germany,2024-03-15
471,Donna Jones,robinsonheidi@example.com,Canada,2025-08-17
472,Andrew Hernandez,darlene57@example.org,India,2025-06-29
473,Michael Coleman,jessicaevans@example.net,UK,2025-08-25
474,Andrew Ramirez,qkennedy@example.org,France,2025-07-14
475,Lance Thomas,robertsilva@example.net,India,2024-04-05
476,Kelly Mccoy,shelbynichols@example.net,UK,2025-02-03
477,Kathleen Armstrong,burtonroy@example.org,India,2025-03-25
478,Pamela Campos,racheljohnson@example.com,USA,2025-07-01
479,Robert Rivera,keith96@example.org,USA,2024-07-02
480,Sarah Byrd,dudleyjohn@example.com,Canada,2025-07-10
481,Amber Jones,christopherjones@example.net,India,2025-06-07
482,Veronica Oconnor,belinda78@example.org,Germany,2024-09-22
483,James Mitchell,hendersonkimberly@example.org,France,2025-08-14
484,David Rubio,troylawson@example.org,Germany,2024-12-23
485,Rachel Cobb,smithjoseph@example.org,Germany,2024-03-26
486,Samantha Nguyen,chase17@example.org,Germany,2025-02-26
487,Christine Chavez,pamelaaguirre@example.net,USA,2024-06-21
488,Jack Woods,petersonbrian@example.com,India,2025-06-07
489,Robert Prince,nicholasleblanc@example.net,India,2024-09-02
490,Kerry Sanchez,michele45@example.net,USA,2025-04-12
491,Dale Schmidt,allenkaren@example.net,UK,2025-08-31
492,Melvin Morton,dhammond@example.org,France,2024-03-14
493,Paula Newman,morgan69@example.org,India,2025-05-23
494,Daniel Powell,samuelespinoza@example.net,USA,2026-02-05
495,Richard Perry,patricia55@example.com,India,2024-05-16
496,Jillian Roberts,dross@example.org,Canada,2024-11-28
497,Yvette Beck,catherinecarter@example.net,UK,2024-12-09
498,James Roman,zwilson@example.net,UK,2025-05-29
499,Jennifer Richards,qriddle@example.net,UK,2024-11-18
500,Steven Miller,thompsonolivia@example.com,UK,2026-01-14
501,Lori Estrada,crystalramirez@example.org,UK,2026-03-04
502,Sherri Brown,tina72@example.org,USA,2025-05-31
503,Felicia Weeks,durancraig@example.org,USA,2025-05-14
504,Jonathan Colon,pthomas@example.com,UK,2025-05-01
505,Dennis French MD,david50@example.org,Germany,2024-07-02
506,Alejandro Weaver,andrewspatrick@example.com,Canada,2024-05-07
507,Edward Holmes,nicole49@example.org,Germany,2025-11-04
508,Kim Williams,eric23@example.net,France,2025-01-16
509,Jesus Jones,victoria90@example.com,Canada,2026-02-17
510,Shelia Foster,kenneth96@example.org,India,2025-04-03
511,Kristin Sullivan,william87@example.org,Canada,2024-06-06
512,Michelle Wright,bgoodwin@example.org,India,2024-12-30
513,Jonathan Torres,jennifersmith@example.com,Canada,2024-05-24
514,Mary Ryan,bobbysingh@example.org,Canada,2026-02-14
515,Herbert Phillips,barrscott@example.com,India,2024-08-27
516,Charles Richards,deanbanks@example.com,Canada,2025-05-24
517,Elizabeth Black,tmorse@example.org,France,2024-05-20
518,Jeffrey Turner,gabrielamarshall@example.net,France,2025-02-25
519,Sally Harris,edward07@example.net,France,2025-01-05
520,Thomas Gonzalez,jamesmason@example.org,France,2025-02-28
521,Carol Malone,hnewman@example.org,USA,2025-12-05
522,Samuel Owens,shawnlang@example.org,France,2025-12-30
523,Heather Young,uparker@example.com,India,2024-12-02
524,Tracy Ali,bakerjohn@example.com,UK,2025-10-15
525,Mrs. Tara Carter,johncruz@example.com,UK,2024-10-14
526,Joseph Weaver,kevin39@example.net,UK,2025-02-21
527,Courtney Patton,laura66@example.net,France,2025-09-26
528,Mary Williams,emilyvillegas@example.net,Germany,2025-08-24
529,Jacqueline Bennett,yacosta@example.org,India,2025-11-17
530,Jimmy Howard,cooperdaniel@example.com,UK,2025-11-12
531,Miss Alexandra Ferguson,patrickbrown@example.com,Germany,2025-08-31
532,Christopher Wheeler,gmedina@example.org,Germany,2025-12-19
533,Michael Berger,milespaul@example.net,UK,2024-12-26
534,Roberto Webb,linda21@example.com,India,2026-02-01
535,David Hanna,morrisonpamela@example.net,USA,2025-11-07
536,Andrew Alvarez,vjones@example.com,UK,2026-01-30
537,Ricardo Campbell,amandahernandez@example.com,India,2024-06-07
538,Sylvia Wright,jennifer17@example.org,Canada,2024-04-24
539,Michael Stephenson,hallen@example.org,Canada,2025-06-19
540,Nathan Grant,osimmons@example.net,France,2024-07-11
541,Edward Smith,devonhart@example.com,Germany,2024-08-08
542,Douglas Cobb,patriciasmith@example.net,Germany,2024-07-30
543,Mark Gonzales,alvaradorobert@example.net,Germany,2024-09-14
544,Megan Harper,bethanystokes@example.net,France,2024-07-02
545,Erik Wright,williamsoncynthia@example.net,Canada,2025-08-05
546,Jeffrey Strickland,adrianlewis@example.net,UK,2025-03-01
547,Heather Gray,todd41@example.com,Canada,2025-10-01
548,Vanessa Petersen,lindsey63@example.net,France,2024-05-13
549,Curtis Wood,wilsonlisa@example.org,USA,2025-07-19
550,Sabrina Smith,sabrinalee@example.org,Germany,2024-03-30
551,Kimberly Jenkins,eringomez@example.net,UK,2025-07-14
552,Mrs. Donna Berry,harveymichael@example.org,France,2024-07-03
553,David Gilbert,adam52@example.org,France,2024-04-01
554,Jessica Larson,eric48@example.com,India,2024-03-17
555,Donna Day,armstrongbarbara@example.net,Canada,2025-08-20
556,Jonathan Montes,mary80@example.net,India,2026-03-11
557,Megan Castillo,krystalhardin@example.com,France,2026-01-06
558,Glenda Cooper,starkherbert@example.org,USA,2025-04-24
559,Gavin Keith MD,lunamartin@example.net,France,2025-08-22
560,Stephen Butler,dawn91@example.org,UK,2025-09-06
561,David Logan,paynesheila@example.net,India,2026-01-11
562,Kelly Green,swoods@example.net,USA,2025-10-12
563,Chelsea Taylor,meganrichardson@example.com,India,2024-08-04
564,Gary Hernandez,elizabeth94@example.org,France,2024-12-03
565,Brittney Huber,emorales@example.net,India,2025-02-08
566,Christopher Dillon,wendy45@example.net,India,2024-08-05
567,Gary Bell,johnsonkatherine@example.com,France,2024-08-27
568,Dr. Craig Johnson MD,richardsonmichael@example.net,UK,2025-09-29
569,Kimberly Wilson,curtis27@example.org,Canada,2024-10-02
570,Mindy Cox,wagnerwilliam@example.org,Canada,2025-06-18
571,Kelly Bernard,cynthiamiranda@example.com,USA,2024-06-06
572,Joshua Mcneil,william21@example.net,USA,2024-05-14
573,David Boyd,eduarte@example.net,UK,2025-01-12
574,Ashley Avila,cassandranewman@example.org,UK,2025-09-17
575,Carol Hill,townsendanthony@example.com,India,2024-06-21
576,Joshua Smith,christopherbarker@example.net,France,2025-12-13
577,David Dalton,xking@example.com,Canada,2024-05-08
578,Spencer Williams,blyons@example.org,USA,2025-02-04
579,Steven Carter,michael84@example.com,USA,2024-06-17
580,Justin Barker,fmcgee@example.com,Germany,2025-05-09
581,Samuel Bradley,vwillis@example.org,Germany,2024-11-08
582,David Roberts,cwyatt@example.org,India,2024-11-28
583,Elizabeth Ward,krystal04@example.org,USA,2025-12-24
584,Kelly Gray,joshualarson@example.org,Canada,2024-08-30
585,Dalton Reid,qdickson@example.net,USA,2024-03-24
586,Maria Hall,marthanewman@example.org,UK,2024-03-13
587,Christopher Baker,scottvelez@example.com,Germany,2025-11-23
588,Joseph Fuller,tyler30@example.net,Germany,2025-11-13
589,Philip Reid,mooreamanda@example.net,France,2025-09-07
590,Jason Smith,aaronscott@example.net,India,2024-03-11
591,Erin Garcia,fmclaughlin@example.com,Germany,2024-12-11
592,Sarah Baker,dcruz@example.net,Germany,2024-09-04
593,Elizabeth Simon,atkinsfelicia@example.com,France,2024-05-08
594,Katie Sherman,bridget07@example.net,India,2025-09-26
595,Evan Butler,kevincastro@example.net,USA,2025-01-06
596,Kelsey Moore,kshaffer@example.net,France,2024-09-08
597,Jacqueline Dominguez,denisejohnson@example.com,USA,2024-07-05
598,Christine Henry,hgarcia@example.org,France,2025-10-25
599,Amanda Adams,vjohnson@example.com,India,2025-05-18
600,Becky Harmon,ssmith@example.net,India,2025-04-18
601,Jennifer Walters,murphychristina@example.org,UK,2025-07-26
602,Christopher Solomon,millerjackie@example.org,India,2025-07-08
603,Kelly Watson,anthony70@example.com,Canada,2025-09-21
604,Jenna Parker,sylvialopez@example.org,India,2024-09-08
605,Kenneth Martinez,mary82@example.com,India,2025-01-19
606,Rhonda Jackson,annadawson@example.org,France,2025-01-14
607,Jerry Edwards,linda80@example.com,Canada,2025-09-23
608,Steven Marshall,bethenglish@example.com,UK,2024-04-08
609,Jeffery Medina,andrewpena@example.org,France,2024-11-21
610,Miss Jordan Clark,csteele@example.org,UK,2024-09-08
611,Travis Young,brittney64@example.org,Canada,2024-06-17
612,Benjamin Patterson,timothy68@example.org,Canada,2025-03-08
613,Ashley Carroll,katherine38@example.org,Germany,2024-08-17
614,Joshua Miller,william39@example.org,France,2025-12-24
615,Kelly Wilkins,collin62@example.com,USA,2025-07-16
616,Gina Dean,daniel40@example.com,France,2026-02-12
617,Charles Green,carterlisa@example.org,UK,2025-11-24
618,Valerie Huang,hensleyalicia@example.com,Canada,2025-10-20
619,Trevor Adams,thomas85@example.net,Germany,2024-10-28
620,Ricardo Davis,vlogan@example.com,Canada,2024-06-12
621,Brian Watson,jennifer27@example.com,UK,2025-10-24
622,Robert Mendez,rcollier@example.net,France,2024-11-27
623,Amber Rogers,chaddunn@example.org,India,2024-07-24
624,Paul Perry,dixonkimberly@example.net,USA,2024-06-14
625,Alexandra Campbell,david70@example.net,France,2024-04-18
626,Angela Turner,traci29@example.org,France,2025-02-19
627,Jordan Smith,espinozacourtney@example.com,France,2025-04-29
628,Michael Holmes,umoore@example.com,France,2024-12-27
629,Danielle Lopez,uestrada@example.com,France,2025-11-30
630,Sergio Hansen,tjames@example.net,Germany,2026-02-10
631,Christian Mccoy,malvarado@example.org,Germany,2024-04-06
632,Mark Johnson,robertyoung@example.com,France,2025-07-18
633,Jessica Phillips,cynthia40@example.org,Canada,2024-05-26
634,Daniel Byrd,bwilliams@example.org,India,2025-11-20
635,Scott Bailey,perryrachel@example.net,UK,2024-04-26
636,Nicholas Brown,lguerrero@example.net,Germany,2025-04-29
637,Bianca Tran,tonya04@example.net,Canada,2024-09-18
638,George Palmer,katherinelane@example.org,India,2024-08-11
639,Maureen Underwood,bnicholson@example.com,Canada,2024-04-20
640,Amanda Miller,susanhayes@example.net,USA,2025-02-21
641,Susan Hodge,lambertmelissa@example.org,Canada,2024-07-05
642,Fred Williams,swansonrobert@example.org,Germany,2024-11-16
643,Tony Stephens,bankslisa@example.com,India,2024-09-04
644,Jason Cain,brian76@example.net,India,2025-06-13
645,Victoria Ochoa,david71@example.com,UK,2025-01-06
646,Kimberly Haynes,joshuapeters@example.com,Canada,2025-09-04
647,Michael Robinson,conleykimberly@example.com,UK,2025-11-30
648,Francis Dawson,trevor10@example.com,Canada,2025-11-11
649,Lauren Sullivan,timothy42@example.org,UK,2024-06-09
650,Jennifer Valencia,joel52@example.com,UK,2026-01-07
651,Dennis Mcclure,jasonalexander@example.org,France,2026-03-07
652,Amanda Guerrero,rosarioveronica@example.org,Germany,2024-11-03
653,Amanda Williams,brennanseth@example.org,Germany,2024-11-29
654,Gabriel Lewis,dustin54@example.net,UK,2025-11-25
655,Kristin Conley,brettclark@example.net,India,2025-02-07
656,Ashley Torres,matthewallen@example.net,Canada,2024-08-28
657,Antonio Strong,mendozajade@example.net,UK,2024-06-02
658,Jason Sandoval,erica58@example.org,USA,2024-07-29
659,Mary Velez,acooper@example.org,UK,2024-12-28
660,Andrew Mendez,william41@example.org,USA,2026-02-16
661,Michelle Maxwell,richard38@example.com,India,2025-02-18
662,Tonya Jordan,woodwardbrooke@example.org,India,2025-06-26
663,Rachel Livingston,jeff22@example.org,USA,2025-09-03
664,Debra Green,marypierce@example.com,France,2025-01-31
665,Hannah Rocha,kara05@example.com,France,2025-08-13
666,Shannon Reed,gregorybyrd@example.org,India,2026-03-09
667,Daniel Choi,phillip30@example.org,UK,2025-05-22
668,Shawn Carroll,hcraig@example.net,USA,2024-08-21
669,Howard Davis,zmarsh@example.net,USA,2025-01-12
670,Michelle Mcgee,gwilkerson@example.com,Canada,2025-08-20
671,Dennis Ellis,chasesarah@example.com,Canada,2024-09-12
672,Alexandria Leach,fscott@example.net,Canada,2025-08-09
673,Rebecca Smith,icline@example.com,India,2024-04-09
674,Whitney Mcclure,johnsonrussell@example.com,Germany,2024-07-25
675,Mary Faulkner,sdavis@example.com,UK,2024-10-25
676,James Davis,jamesmichael@example.org,UK,2025-01-07
677,Mr. Tyler Savage MD,haneycarol@example.net,France,2025-09-19
678,Patrick Kent,christinathompson@example.org,USA,2024-08-03
679,Sarah Phelps,dsandoval@example.com,UK,2025-12-01
680,Tiffany Weiss,tammiewade@example.com,USA,2025-01-20
681,Pamela Miller,ricky32@example.net,Germany,2024-10-11
682,Alicia Todd,jacobsjoseph@example.com,USA,2025-11-21
683,Ashley Hendrix,kellymeyer@example.net,Canada,2024-10-10
684,Amy Ortiz,qevans@example.com,USA,2025-11-03
685,Danielle Owens,james33@example.org,Germany,2025-01-30
686,Adam Jones,peterstephens@example.org,India,2024-11-24
687,Mark Tucker,shelly80@example.com,USA,2026-02-18
688,Tricia David,smanning@example.com,India,2026-02-05
689,Christine Wilson,walkerjesus@example.com,France,2025-12-02
690,Darlene Anderson,edwin77@example.net,India,2024-10-24
691,Gregory Carson,michael40@example.org,USA,2024-10-20
692,Donald Hernandez,oadkins@example.org,Germany,2026-01-18
693,Robert Davis,asnyder@example.net,UK,2025-01-18
694,William Lynn,patty79@example.org,Canada,2025-09-12
695,Christopher Hood,atkinsontony@example.com,UK,2026-02-04
696,Andrea Garcia,collinstracy@example.net,India,2024-12-10
697,Aaron Avila,floydjenna@example.com,USA,2025-09-29
698,Brian Jennings,baileykristina@example.com,Canada,2026-01-02
699,Ms. Jaclyn Smith,murphymichael@example.org,India,2025-05-27
700,Jesse Boyer,jerry25@example.org,Canada,2024-08-20
701,Douglas Smith,llopez@example.org,India,2024-03-29
702,Jason Sullivan,rsmith@example.net,UK,2025-08-06
703,John Chan,evanskathleen@example.org,USA,2025-11-23
704,Barbara Roth,michael44@example.org,Germany,2024-12-05
705,Mrs. Heather Williams,andersonjeffrey@example.net,USA,2024-11-21
706,Amanda Walker,tcoffey@example.org,Canada,2025-02-16
707,Michael Graham,mckeemichael@example.net,UK,2024-09-29
708,John Castillo,halllinda@example.com,France,2025-01-27
709,Lauren Taylor,logandonna@example.org,USA,2025-09-22
710,Aaron Hahn,xmartinez@example.net,Germany,2025-05-15
711,Melissa Andrews,medinadavid@example.net,Canada,2025-09-15
712,Timothy Norman,rosalesbrian@example.net,France,2024-05-23
713,Alan Bradley,ybennett@example.com,France,2025-07-21
714,David Newman,josephhayes@example.org,Germany,2025-07-17
715,Melanie Fleming,ramosjim@example.org,USA,2025-04-09
716,Lisa Webb,penachristopher@example.net,Germany,2024-11-03
717,Jenna Lopez,johnsonmeredith@example.net,USA,2024-11-26
718,Steven Bradley,stevenharrell@example.com,USA,2024-10-10
719,Mia Rivera,dominguezrussell@example.com,Germany,2024-07-09
720,Ryan Hernandez,erinwatson@example.org,India,2024-10-11
721,Patricia Park,jlopez@example.org,India,2024-05-20
722,Erica Jones,gabrielprice@example.net,Germany,2024-09-14
723,Derrick Mcconnell,tonya53@example.org,India,2024-05-09
724,Sean Baxter,amylee@example.org,Canada,2024-07-24
725,Miranda Best,melinda14@example.com,UK,2025-04-28
726,Jennifer Curtis,randalledwards@example.com,USA,2024-04-27
727,Rachel Peters,amandadaniels@example.net,India,2025-12-17
728,James Case,karen07@example.com,Canada,2024-03-29
729,Stephen Williams,kevin08@example.net,Germany,2024-06-29
730,Aaron Smith,tjackson@example.net,UK,2025-02-13
731,Gloria Bentley,paulaweber@example.net,France,2025-11-04
732,Jacqueline Hunter,xjames@example.org,USA,2025-11-04
733,Melanie Nunez,laranancy@example.org,UK,2025-08-28
734,Veronica Ford,bhunt@example.com,France,2025-12-22
735,Kenneth Thomas,jennifer51@example.com,USA,2025-12-25
736,Brian Jarvis,mullensarah@example.net,Germany,2025-04-01
737,Brenda Yang,bevans@example.net,USA,2026-02-10
738,Clifford Smith,paul13@example.net,France,2025-11-21
739,Jerry Moore,ortegachristina@example.net,Germany,2024-04-09
740,Adam Collins MD,bgarrett@example.org,Canada,2025-09-07
741,Patricia Smith,kochsteven@example.net,France,2025-11-12
742,Virginia James,jessica54@example.org,Canada,2024-05-24
743,Carolyn Garza,gallowayjorge@example.net,India,2025-03-13
744,Joseph Patrick,mitchellwilliam@example.org,India,2025-07-15
745,Mary Johnson,tonyariddle@example.com,India,2024-12-27
746,Robert Johnson,wmiller@example.com,India,2024-10-27
747,Alexander Pearson,traci70@example.org,France,2026-01-26
748,Robert Gonzalez,blackgary@example.net,Germany,2024-09-06
749,Patrick Carson,hmeyer@example.org,France,2025-10-19
750,Brett Anderson,josephfreeman@example.net,India,2025-08-01
751,Traci Barnes,ravenharris@example.org,Germany,2024-08-23
752,Jason Davis,john62@example.net,UK,2024-03-19
753,Brandon Castro,amandaday@example.net,Germany,2024-06-28
754,Roy Norris,sjohnson@example.net,France,2025-12-09
755,Jason Walsh,elaineatkins@example.net,France,2025-12-12
756,Patrick Sanchez,christopher24@example.org,Canada,2024-05-22
757,Erik Roy,nyang@example.com,USA,2025-02-13
758,Alison Smith,ymeyer@example.net,France,2025-01-25
759,Michelle Fuller,burnsamber@example.com,India,2025-08-26
760,Teresa Marquez,jasonriley@example.net,Canada,2024-11-13
761,Antonio Leonard,sherri60@example.org,UK,2025-05-15
762,Nancy Hurst,stevenhoffman@example.net,Canada,2025-07-05
763,Marissa Morris,patriciagarcia@example.com,France,2026-02-01
764,Kristi Hood,jonathan34@example.net,UK,2025-02-04
765,Emily Gray,joshuashort@example.net,UK,2025-10-29
766,Michelle Shepard,paulmcdaniel@example.net,UK,2024-06-06
767,Carol Simmons,robinsonkayla@example.org,France,2024-12-24
768,Charles Gomez,willie97@example.net,India,2025-08-01
769,Marcus Rich,clarkegeorge@example.org,Germany,2025-09-14
770,Mary Thomas,lbennett@example.com,France,2024-07-20
771,Brian Perry,kelsey34@example.org,Germany,2024-10-30
772,Brenda Lyons,snyderkelly@example.com,Germany,2025-10-21
773,Yolanda Neal,emily76@example.net,UK,2025-08-27
774,Sarah Ramirez,frobinson@example.org,Germany,2025-04-30
775,Michael Flores,owensmatthew@example.org,India,2025-02-13
776,Joseph Terrell,zwilson@example.com,USA,2024-08-08
777,Gina Gutierrez,tchapman@example.com,France,2024-07-19
778,Reginald Parker,heatherthompson@example.net,France,2024-10-10
779,Gregory Henderson,lori65@example.com,UK,2025-10-22
780,Wendy Conway,fwarren@example.com,France,2026-01-04
781,Michael Aguilar,penastephen@example.com,India,2024-09-28
782,Joshua Cook,rbaker@example.net,UK,2024-09-03
783,Courtney Walter,campostracey@example.net,France,2025-11-28
784,Tyler Anderson,emmaallen@example.org,France,2026-01-11
785,Jaime English,twood@example.com,India,2026-02-06
786,Felicia Clark,kristinmason@example.net,USA,2025-03-29
787,Kaitlyn Henry,jacob73@example.net,India,2024-09-13
788,Leah Wolfe,timothymartinez@example.com,UK,2025-07-12
789,Curtis Reeves,jonathan69@example.com,UK,2025-11-18
790,Leonard Quinn PhD,michealmitchell@example.org,Canada,2024-06-14
791,Jennifer Hess,gracepierce@example.com,Canada,2026-01-12
792,Heather Hill,elizabeth64@example.org,France,2025-11-10
793,Anne Martin,robert77@example.org,Germany,2024-04-03
794,Michelle Garcia,smithmelissa@example.com,Germany,2024-03-21
795,Mrs. Jennifer Collins,jamie13@example.com,USA,2025-10-01
796,Hannah Ryan,qjones@example.net,Canada,2025-02-04
797,Megan Brown,kprice@example.org,Canada,2025-04-27
798,Jared Valdez,susan57@example.net,India,2025-11-22
799,Robert Bond,arthurhowell@example.org,India,2025-09-30
800,Sophia Lewis,victoriaboyd@example.com,India,2024-04-29
801,Sandra Castro,robinsonmorgan@example.net,UK,2025-05-14
802,Danielle Watts,gibsondonald@example.net,India,2025-08-29
803,Cynthia Bryant,turnerjennifer@example.net,France,2024-11-26
804,Ashley Whitehead,plopez@example.com,UK,2025-10-12
805,David Campbell,agarner@example.org,UK,2025-11-29
806,Dustin Martinez,wilsonryan@example.com,UK,2025-12-11
807,Mark Brown,mary81@example.net,USA,2025-02-19
808,Dorothy Johnson,williambush@example.org,Germany,2025-11-17
809,Stephanie Alexander,meganboyle@example.org,India,2025-01-19
810,Jennifer Cruz,morrisonjohn@example.com,USA,2025-12-04
811,Scott Stark,linda88@example.org,USA,2025-05-11
812,Betty Clark,bruce00@example.com,France,2025-11-27
813,Jeffery Mcpherson,amandamoran@example.org,UK,2026-02-02
814,Danny Thompson,davidstephens@example.org,India,2024-09-06
815,Elizabeth Morales,cmarsh@example.net,France,2026-01-25
816,Donna Potts,clarkekim@example.org,India,2025-08-09
817,Brandon Garcia,jenkinsjonathan@example.org,UK,2025-08-08
818,Lorraine Davis,nhoover@example.net,UK,2025-04-29
819,Ashley Wilkins,tom17@example.net,UK,2025-01-02
820,Dan Saunders,fisherbrad@example.com,India,2025-03-19
821,Darlene Owen,judith05@example.net,Germany,2024-11-08
822,Annette Delgado,austinjesus@example.com,Germany,2024-10-01
823,Charles Copeland,jerry93@example.net,France,2025-03-07
824,Pedro Dougherty,maysteve@example.com,France,2025-12-09
825,Charles Holloway,julia37@example.com,France,2025-08-25
826,Seth Perez,stephaniewebster@example.org,India,2024-09-08
827,Steven Salas,zfuller@example.net,USA,2024-11-08
828,Claire Esparza,holly50@example.com,France,2025-03-07
829,Casey Kent,veronicawerner@example.com,Canada,2025-05-08
830,Kendra Johnson,daviddeanna@example.net,USA,2025-03-08
831,Max Smith,sbaker@example.net,Germany,2025-08-04
832,Denise Snyder,jrivera@example.net,India,2026-02-15
833,Jerry Hayes,jenkinsjames@example.org,Canada,2025-03-08
834,Sara Melendez,hwilliams@example.net,Canada,2025-01-20
835,Rachel Cooper,dicksonangela@example.com,Germany,2024-09-28
836,Yvonne Barron,jacqueline14@example.org,India,2025-12-18
837,Matthew Nguyen,ricky95@example.org,Germany,2024-12-27
838,Kelsey Morris,jill26@example.org,USA,2024-12-12
839,Ronald Snow Jr.,kimberlylambert@example.net,UK,2024-03-24
840,Stephanie Ramirez,brandiwilson@example.net,France,2025-01-26
841,Michael Huff,aguirrecarlos@example.com,Canada,2025-06-08
842,Jessica Anderson,howellmark@example.org,USA,2025-05-04
843,Sarah Hardy PhD,novakoscar@example.net,UK,2025-02-25
844,Ricardo Kaufman,christopheralexander@example.com,Germany,2024-03-28
845,Daniel Gonzales,rblack@example.net,Germany,2024-11-14
846,Robin Ray,heather37@example.org,India,2024-05-21
847,Lauren Downs,kevin87@example.net,UK,2025-06-26
848,Charles Douglas,bguerrero@example.com,USA,2024-12-24
849,Lori Mcneil,johnlee@example.org,France,2024-05-08
850,Katherine Garcia,susanparker@example.com,USA,2024-07-23
851,Charles Graham,omartinez@example.com,India,2026-01-05
852,Jacob Lewis,robertparrish@example.net,Germany,2026-02-28
853,Michael Hampton,amanda76@example.org,France,2025-10-16
854,William Smith,ryan60@example.org,USA,2025-08-01
855,Garrett Cox,wsolomon@example.org,India,2025-08-17
856,Cesar Barnes,teresa80@example.com,India,2024-05-15
857,Jessica Livingston,glamb@example.net,USA,2025-10-10
858,Charles Mueller,cynthiagriffith@example.org,Canada,2025-12-05
859,Timothy Hughes,holly38@example.com,France,2024-08-21
860,Jeffrey Thomas,thomas52@example.org,USA,2025-06-04
861,Jessica Clark,crystal22@example.net,UK,2024-09-05
862,Emily Graham,longlindsey@example.net,Canada,2024-09-06
863,Brian Lopez,william12@example.org,Germany,2025-09-19
864,Kevin Price,charlesjones@example.com,USA,2026-01-31
865,George Petersen,tallen@example.net,India,2024-06-18
866,Gabrielle Flowers,morrisondebra@example.com,USA,2024-06-25
867,Jean Gonzalez,bradleyjames@example.org,USA,2024-03-31
868,Dean Franco,davidrodriguez@example.com,Canada,2024-03-23
869,Jeffrey Watson,jordantracy@example.net,USA,2024-07-16
870,Shannon Davis,simonjennifer@example.com,Germany,2025-08-25
871,Lawrence Thompson,gutierrezcraig@example.com,USA,2025-05-22
872,Mark Bauer,nmacdonald@example.com,UK,2024-05-11
873,Benjamin Taylor,armstronglydia@example.com,Germany,2025-03-08
874,Jesse Sandoval,garciatimothy@example.net,USA,2025-02-24
875,Thomas Morris,amy19@example.com,Germany,2024-09-28
876,James Fisher,mayjoseph@example.net,India,2026-01-11
877,Brandy Miller,scollins@example.org,UK,2024-08-16
878,Hunter Bryant,rebecca48@example.org,France,2025-01-03
879,Patricia Greene,elizabethrobertson@example.org,Canada,2025-04-03
880,Steven Hays,usmith@example.org,Germany,2025-04-20
881,Ryan Davis,kendraanderson@example.org,UK,2025-02-12
882,Marissa Jackson,austin73@example.org,India,2025-04-26
883,Tracy Chan,hilljeffrey@example.net,UK,2025-10-02
884,Mariah Price,baileypaul@example.net,France,2025-09-14
885,Jennifer Rogers,martinfaith@example.net,USA,2024-03-23
886,Ricardo Garrison,megangeorge@example.org,India,2024-05-22
887,Stephanie Smith,vanderson@example.com,Germany,2024-04-05
888,Peter Walker,marialucas@example.org,France,2024-05-15
889,Calvin Mata,tcarter@example.com,India,2024-12-06
890,Kristen Curtis,ifisher@example.com,India,2025-03-23
891,Ruth Hull,rmoore@example.org,UK,2024-07-26
892,Joan Smith,melanienguyen@example.org,UK,2025-11-25
893,Gregory Lane,glawson@example.com,France,2024-10-06
894,Jasmine Hernandez,danavelasquez@example.net,France,2024-12-19
895,Nicole Clayton,jacksonjulie@example.org,France,2025-12-12
896,Craig Park,michael21@example.net,UK,2025-03-12
897,Ronald Farrell,robert55@example.net,India,2024-04-17
898,Susan Khan,edwin05@example.net,India,2024-09-20
899,Stacey Logan,rhiggins@example.org,Canada,2024-10-19
900,Daniel Davis,jade82@example.org,USA,2024-05-04
901,Lisa York,samuel52@example.org,Germany,2025-03-01
902,Elizabeth Cohen,campbellerin@example.com,USA,2026-01-09
903,Leonard Vega,ujackson@example.net,Germany,2025-11-13
904,Allison Cardenas,xrich@example.org,India,2025-04-20
905,Glen Hudson,ryanmooney@example.org,UK,2026-01-23
906,Timothy Mckay,alvarezdana@example.com,France,2024-10-23
907,Jason Hoover,erik56@example.org,UK,2025-10-31
908,Monica Franklin,bdeleon@example.org,USA,2025-09-04
909,Andrea Green,liusteven@example.com,India,2024-04-02
910,Robert Norris,waremercedes@example.net,UK,2024-05-13
911,Erika Montes,gsmith@example.org,UK,2025-01-29
912,Christina Hunt,lindsey43@example.org,Canada,2025-06-12
913,Angela Rice,zharris@example.org,Canada,2024-05-11
914,James Marshall,johnstone@example.org,UK,2024-07-06
915,Crystal Johnson,charles34@example.com,USA,2025-12-18
916,Timothy Green,pharding@example.com,India,2026-02-08
917,Brian Hicks,juarezangela@example.net,Canada,2025-02-01
918,Jessica Rodgers,owashington@example.org,Canada,2025-04-29
919,Jessica Miles,nichole55@example.org,UK,2026-03-07
920,Autumn Aguirre,dhammond@example.com,UK,2024-12-26
921,Patricia Phelps,moorejohn@example.com,UK,2025-04-12
922,Kelli Jones,kyle99@example.net,France,2025-06-17
923,Donald Sims,lori71@example.com,India,2024-10-25
924,Mrs. Jamie Brown,stonerachael@example.net,USA,2025-12-28
925,Nancy Wheeler,phillipgonzalez@example.org,India,2025-08-03
926,Carla Nicholson,davischase@example.com,UK,2024-03-12
927,Mike Brown,michele34@example.org,Canada,2025-08-01
928,Michael Collins,leeknox@example.org,Canada,2025-03-15
929,Reginald Lee,david73@example.net,Canada,2024-04-10
930,Thomas Woods,peterspaul@example.net,France,2024-08-07
931,Ashley Miller,omurphy@example.org,France,2024-03-29
932,Jennifer Cox,danielsolis@example.com,India,2024-12-05
933,Erica Mcfarland,kmitchell@example.net,India,2025-02-13
934,Justin Becker,jasmin05@example.org,USA,2024-04-20
935,James Wilson,andersondavid@example.net,Germany,2025-12-25
936,Ernest Mccoy,vfox@example.com,Germany,2025-02-25
937,Brian Kennedy,mcdonaldryan@example.org,USA,2026-01-28
938,Erin Gray,robersonrichard@example.net,UK,2025-05-16
939,Ronald Miller,barryaustin@example.net,France,2026-02-09
940,Felicia Rodriguez,andrew92@example.net,USA,2024-12-17
941,Joseph Clements,melissa05@example.org,Germany,2025-05-17
942,Gerald Carter,burtonheather@example.org,UK,2025-10-21
943,Valerie Sheppard,ptaylor@example.org,Canada,2025-07-06
944,Kimberly Rogers,george10@example.org,UK,2024-06-27
945,Penny Simmons,iarnold@example.net,India,2025-07-03
946,John Nielsen,jeremygonzalez@example.org,USA,2025-08-21
947,Emily Williams,michellejones@example.org,India,2025-03-06
948,Leslie Gonzalez,jamiemack@example.com,USA,2025-03-10
949,Adam Meyer,contrerascarolyn@example.com,Germany,2025-11-04
950,Courtney Bennett,aaronjohnson@example.org,France,2025-02-13
951,Jennifer Pratt,chrisjohnson@example.com,Canada,2025-01-06
952,Cassandra Brown,rebecca28@example.net,Canada,2024-11-23
953,Meghan Robinson MD,frederick04@example.org,UK,2025-02-26
954,Elizabeth Ferrell,meyerjohn@example.com,UK,2026-01-18
955,Olivia Wood,carolynmorrison@example.net,India,2024-06-22
956,Veronica Mays,ewalters@example.net,India,2025-09-30
957,Amanda Daniels,riceveronica@example.com,Canada,2026-02-07
958,Heather Lewis,whitemark@example.net,Germany,2025-03-06
959,Jose Harmon,averyemily@example.org,USA,2025-03-10
960,Dr. Kelsey Myers,ccopeland@example.net,UK,2025-11-19
961,Derrick Reed,kylemartinez@example.org,USA,2025-03-10
962,Daniel Sanchez,gthompson@example.com,Canada,2025-07-17
963,Elizabeth Jones,andrew01@example.org,India,2024-08-15
964,Brandi Young,hannah89@example.org,USA,2025-01-27
965,Raymond Smith,krussell@example.org,France,2025-11-07
966,Mr. Kevin Lee MD,cruzbrittany@example.org,India,2026-01-12
967,George Diaz,lucerotara@example.com,Canada,2026-03-10
968,Melinda Smith,tjordan@example.com,USA,2024-03-22
969,Danielle Vance,heathergrimes@example.com,India,2025-09-28
970,Terry Miller,latoyasimmons@example.com,France,2025-08-06
971,Brian Moore,tranleonard@example.com,India,2024-04-01
972,Christopher Rice,pdavis@example.net,UK,2025-10-20
973,Eric Taylor,john32@example.org,USA,2024-06-27
974,Nicole Lee,msullivan@example.org,USA,2025-11-14
975,Dr. Robert Garcia,dhines@example.org,France,2025-07-08
976,Cynthia Williams,johnstondaniel@example.net,Germany,2025-12-26
977,Andrea Norton,benitezchase@example.org,France,2025-09-16
978,Melissa Edwards,ethan08@example.com,UK,2024-06-03
979,Angela Hooper,danielfitzgerald@example.net,UK,2026-02-10
980,Amy Harris,nicholas12@example.com,India,2025-10-05
981,Jared Jones,jamesmitchell@example.org,Germany,2025-12-02
982,Monique Garcia,laura53@example.com,USA,2026-02-02
983,Curtis Wright,htucker@example.net,UK,2026-01-25
984,Michael Gonzalez,jacksonrobert@example.net,Germany,2025-08-15
985,Jessica Olson,douglaspetersen@example.net,UK,2025-11-21
986,Lynn Murray,johnhanson@example.org,India,2024-11-07
987,Jennifer Wright,garysimmons@example.org,USA,2024-11-17
988,Rebecca Evans,derek86@example.org,India,2025-08-29
989,Darren Hood,equinn@example.org,USA,2024-06-09
990,Max Randall,cmayer@example.com,UK,2024-12-06
991,Janice Chung,derekshort@example.com,UK,2025-07-16
992,Terry Glass,alvarezsusan@example.com,Germany,2024-12-14
993,Ronald Andrews,howardmatthew@example.org,Germany,2025-06-17
994,Kimberly Vega,nschmidt@example.net,India,2024-04-14
995,Nicole Saunders,powellveronica@example.net,Germany,2024-09-26
996,Morgan Dominguez,leemariah@example.net,France,2025-02-02
997,Kyle Hawkins,rramos@example.com,Canada,2025-03-21
998,Bryan Walters,ujones@example.net,Germany,2025-04-25
999,David Hansen,taylorowens@example.org,France,2025-11-07
1000,Anthony Johnson,denisewise@example.net,Canada,2025-10-06
